<?xml version="1.0" encoding="Windows-1252" ?>
<PMML version="2.0">
<Header copyright="STATISTICA Data Miner, Copyright (c) StatSoft, Inc., www.statsoft.com."/>
<DataDictionary numberOfFields="4">
	<DataField name="ELONG" optype="continuous"/>
	<DataField name="SILICA" optype="continuous"/>
	<DataField name="SILANE" optype="continuous"/>
	<DataField name="SULPHUR" optype="continuous"/>
</DataDictionary>
<GeneralRegressionModel
	functionName="regression"
	modelName="General linear regression"
	modelType="generalLinear"
	targetVariableName="ELONG">
<ParameterList>
	<Parameter name="p1" label="Intercept"/>
	<Parameter name="p2" label="SILICA"/>
	<Parameter name="p3" label="SILICA^2"/>
	<Parameter name="p4" label="SILANE"/>
	<Parameter name="p5" label="SILANE^2"/>
	<Parameter name="p6" label="SULPHUR"/>
	<Parameter name="p7" label="SULPHUR^2"/>
	<Parameter name="p8" label="1*2"/>
	<Parameter name="p9" label="1*3"/>
	<Parameter name="p10" label="2*3"/>
</ParameterList>
<FactorList>
</FactorList>
<CovariateList>
	<Predictor name="SILICA"/>
	<Predictor name="SILANE"/>
	<Predictor name="SULPHUR"/>
</CovariateList>
<PPMatrix>
	<PPCell value="1" predictorName="SILICA" parameterName="p2"/>
	<PPCell value="2" predictorName="SILICA" parameterName="p3"/>
	<PPCell value="1" predictorName="SILANE" parameterName="p4"/>
	<PPCell value="2" predictorName="SILANE" parameterName="p5"/>
	<PPCell value="1" predictorName="SULPHUR" parameterName="p6"/>
	<PPCell value="2" predictorName="SULPHUR" parameterName="p7"/>
	<PPCell value="1" predictorName="SILICA" parameterName="p8"/>
	<PPCell value="1" predictorName="SILANE" parameterName="p8"/>
	<PPCell value="1" predictorName="SILICA" parameterName="p9"/>
	<PPCell value="1" predictorName="SULPHUR" parameterName="p9"/>
	<PPCell value="1" predictorName="SILANE" parameterName="p10"/>
	<PPCell value="1" predictorName="SULPHUR" parameterName="p10"/>
</PPMatrix>
<Extension name="CorrectDummyCode" value="1"/>
<Extension name="IncorrectDummyCode" value="-1"/>
<ParamMatrix>
	<PCell targetCategory="0" parameterName="p1" beta="4.00384575393754e+002"/>
	<PCell targetCategory="0" parameterName="p2" beta="-9.96664161175060e+001"/>
	<PCell targetCategory="0" parameterName="p3" beta="7.93268886921376e+000"/>
	<PCell targetCategory="0" parameterName="p4" beta="-3.13963948220774e+001"/>
	<PCell targetCategory="0" parameterName="p5" beta="1.73076103542463e+001"/>
	<PCell targetCategory="0" parameterName="p6" beta="-7.39190023713421e+001"/>
	<PCell targetCategory="0" parameterName="p7" beta="4.32751681187710e-001"/>
	<PCell targetCategory="0" parameterName="p8" beta="8.75000000000000e+000"/>
	<PCell targetCategory="0" parameterName="p9" beta="6.25000000000001e+000"/>
	<PCell targetCategory="0" parameterName="p10" beta="1.25000000000000e+000"/>
</ParamMatrix>
	</GeneralRegressionModel>
	</PMML>
