<?xml version="1.0" encoding="Windows-1252" ?>
<PMML version="2.0">
<DataDictionary noOfFields="5">
    <DataField name="SLENGTH" optype="continuous"/>
    <DataField name="SWIDTH" optype="continuous"/>
    <DataField name="PLENGTH" optype="continuous"/>
    <DataField name="PWIDTH" optype="continuous"/>
    <DataField name="FLOWER" optype="categorical">
        <Value value="Setosa" label="101"/>
        <Value value="Versicol" label="102"/>
        <Value value="Virginic" label="103"/>
    </DataField>
</DataDictionary>
<SnnNetworkSet
    note=""
    version="6.0"
    numberNetworks="1"
    numberEnsembles="0"
    maxModel="100"
    nextIndex="6"
    useMaximum="true"
    informWhenFull="true"
    informReplace="true"
    informDiscard="true"
    replacementCriterion="diversity"
    replacementPolicy="discard"
    />
<SnnNeuralNetwork
    networktype="MLP"
    nolayers="4"
    index="2"
    steps="1"
    lookahead="0"
    noInputs="4"
    noOutputs="1"
    noNormInputs="4"
    noNormOutputs="3"
    accept="0.5"
    reject="0.5"
    terror="0.29541419716379091"
    verror="0.077928713101861793"
    xerror="0.29700576819653418"
    tperf="0.96052631578947367"
    vperf="1"
    xperf="0.97297297297297303"
    errorfn="Entropy (multiple)"
    inputNormFn="None"
    outputNormFn="None"
    note=""
    trainnote="BP58b"
    lock="false"
    standalone="true"
    useaccept="false"
    classifyup="true"
    hascasetypes="true"
    hasbootstrapweights="false"
>
    <SnnNeuralSchema>
        <SnnNeuralField
            name="SLENGTH"
            optype="continuous"
            usageType="active"
            conversion="Minimax"
            missing="Mean"
            missingCode="-9999"
            scale="0.29411764705882348"
            shift="-1.2647058823529409"
            minmean="0"
            maxsd="1"
        />
        <SnnNeuralField
            name="SWIDTH"
            optype="continuous"
            usageType="active"
            conversion="Minimax"
            missing="Mean"
            missingCode="-9999"
            scale="0.45454545454545453"
            shift="-0.90909090909090906"
            minmean="0"
            maxsd="1"
        />
        <SnnNeuralField
            name="PLENGTH"
            optype="continuous"
            usageType="active"
            conversion="Minimax"
            missing="Mean"
            missingCode="-9999"
            scale="0.17241379310344826"
            shift="-0.18965517241379309"
            minmean="0"
            maxsd="1"
        />
        <SnnNeuralField
            name="PWIDTH"
            optype="continuous"
            usageType="active"
            conversion="Minimax"
            missing="Mean"
            missingCode="-9999"
            scale="0.41666666666666669"
            shift="-0.041666666666666671"
            minmean="0"
            maxsd="1"
        />
        <SnnNeuralField
            name="FLOWER"
            optype="categorical"
            usageType="predicted"
            conversion="One-of-N"
            missing="Mean"
            missingCode="0"
            scale="1"
            shift="0"
            minmean="0"
            maxsd="1"
        >
            <Value value="Setosa"/>
            <Value value="Versicol"/>
            <Value value="Virginic"/>
        </SnnNeuralField>
        <SnnMissingValues>
            <Array n="7" type="real">
            5.8105263157894722 3.0250000000000004 3.6618421052631573 1.1657894736842103 0.34210526315789475 0.35526315789473684 0.30263157894736842
            </Array>
        </SnnMissingValues>
    </SnnNeuralSchema>
    <SnnNeuralLayer
        nounits="4"
        width="1"
        actFn="Linear"
        pspFn="Linear"
        hasClasses="false"
    >
        <SnnNeuralThresholds>
            <Array n="4" type="real">
            0.10626220703125 -0.6141357421875 -0.96868896484375 0.81256103515625
            </Array>
        </SnnNeuralThresholds>
    </SnnNeuralLayer>
    <SnnNeuralLayer
        nounits="10"
        width="1"
        actFn="Hyperbolic"
        pspFn="Linear"
        hasClasses="false"
    >
        <SnnNeuralThresholds>
            <Array n="10" type="real">
            0.90979903766970593 -3.3025400473717634 1.0476630386060695 -0.51344217339694298 -0.79725314036164174 -0.19891023139796526 -0.40735992379465685 1.4217263588991109
            -0.52975633944560585 0.31610373005040926
            </Array>
        </SnnNeuralThresholds>
        <SnnNeuralWeights>
            <Array n="4" type="real">
            -0.84941075980420733 0.66211361172961314 0.072739164725920749 -0.77294321794180798
            </Array>
            <Array n="4" type="real">
            0.13118088720604065 0.87530945950501637 -2.1953717859922328 -3.7348332135097424
            </Array>
            <Array n="4" type="real">
            0.33107468370780141 -0.081662853634108218 0.59971704748125187 0.51103017141515561
            </Array>
            <Array n="4" type="real">
            -0.83940516204442905 -1.0082132597704099 0.057300203344675574 -0.79398803720113431
            </Array>
            <Array n="4" type="real">
            -0.58637574373667201 -1.0754685759569982 1.3322938664338295 -0.16268792420959155
            </Array>
            <Array n="4" type="real">
            -0.86525363563750335 -0.92310775187677907 -0.73390904947548763 0.0683478807750319
            </Array>
            <Array n="4" type="real">
            -0.28644879484942559 0.79228621436067626 -0.83375938361252588 -0.83454598700252069
            </Array>
            <Array n="4" type="real">
            -0.074127876179009497 0.36120484663003838 1.3871630580535088 0.93522042093520563
            </Array>
            <Array n="4" type="real">
            -0.11757805643821893 0.82373299828218938 0.0057116589211262019 -2.0721856416847464
            </Array>
            <Array n="4" type="real">
            -0.81251718579041243 0.95103989723440197 -0.24982485222723522 -0.72807049685834646
            </Array>
        </SnnNeuralWeights>
    </SnnNeuralLayer>
    <SnnNeuralLayer
        nounits="10"
        width="1"
        actFn="Hyperbolic"
        pspFn="Linear"
        hasClasses="false"
    >
        <SnnNeuralThresholds>
            <Array n="10" type="real">
            0.78467961159308586 -0.057270060070406921 -0.04928503259041099 0.29402948937892703 0.58832479765185108 -0.84980127221821322 -0.41913425732936904 -1.279195690658314
            0.54427841360446583 0.92385732645883667
            </Array>
        </SnnNeuralThresholds>
        <SnnNeuralWeights>
            <Array n="10" type="real">
            -0.61449381785291268 -0.72987313777310869 -0.6969136482985443 0.21200925723783537 0.7270136252254199 -0.37312647911886232 -0.38146752342952994 -0.045386689374698662
            -0.98457545476919295 -0.47359947182711343
            </Array>
            <Array n="10" type="real">
            0.42578910656774677 -0.42041197315874151 0.48664983472276063 1.0556463884298046 -0.72609093539093505 0.037218812375535398 -0.56429423085286357 -0.11901653017809244
            0.4314271717969036 0.40324329564568528
            </Array>
            <Array n="10" type="real">
            0.17879852714548666 1.2853145392981051 -0.92565635021874126 1.0381132266032893 -0.22712228133215537 0.90528751525450313 -0.55672098113605684 0.60869112677172998
            0.36256264865844795 -0.61397188466738373
            </Array>
            <Array n="10" type="real">
            0.29334673674089129 0.78318594004442332 0.7254850380538217 0.40926523086210692 0.25481467622648413 0.33266090482186428 0.10073392526718518 0.25482098342038972
            0.69169469276021256 -0.83774700818355297
            </Array>
            <Array n="10" type="real">
            0.28557565301303584 -1.5949507666276557 0.2840838707648482 0.18099887958582025 -0.67705570363732925 0.16282792926449677 -0.59551430495377755 0.80118679384591551
            -1.1598352471117406 0.070873607745600017
            </Array>
            <Array n="10" type="real">
            -1.0413529361272402 -0.58570597764281485 0.86367331751137122 0.12239309272488409 0.54775306479542285 0.4201145519442015 -1.441796128179569 0.62024366408401754
            -0.21043712708130599 -0.1903335999334296
            </Array>
            <Array n="10" type="real">
            0.82395666226395148 -0.41462674015601197 -0.23110902692873156 0.60806596863969165 -0.67277844233901563 0.98681745037861612 0.10245669375773625 -0.6921666386675025
            0.25293498717717433 -0.9209193864731593
            </Array>
            <Array n="10" type="real">
            -0.57926505629248404 2.0285806375589344 -0.37195941589133041 0.53915411477955599 -0.50596156671660941 0.4298316887207359 0.60724503164397803 -0.84036481438344179
            0.4849444701049444 0.13892763096738853
            </Array>
            <Array n="10" type="real">
            -0.72611185459460548 -0.42120465895199055 0.68641717574443595 -0.58402197157428071 0.75096985025628316 0.17247876667178899 -0.058241741853372872 0.50132628833061488
            -0.44674648366581182 -1.3411354056776925
            </Array>
            <Array n="10" type="real">
            0.43294766192814976 0.56133373920031604 0.60540909385208364 0.39170872206317275 -0.96623843253805708 0.96443313736748204 0.30764360236770283 -0.42292630968322098
            0.38948410342777157 -0.4567404533048478
            </Array>
        </SnnNeuralWeights>
    </SnnNeuralLayer>
    <SnnNeuralLayer
        nounits="3"
        width="1"
        actFn="Softmax"
        pspFn="Linear"
        hasClasses="false"
    >
        <SnnNeuralThresholds>
            <Array n="3" type="real">
            0.81238167249004933 -0.3622338751607877 0.34800894095199247
            </Array>
        </SnnNeuralThresholds>
        <SnnNeuralWeights>
            <Array n="10" type="real">
            -1.3421078808556846 -0.30253327126244145 0.81644493401011409 -0.30816635477716137 -0.24071329600814248 -1.3789376573658088 0.14898189800593445 0.88823672810440701
            -2.3961746241133839 -0.5689118760903038
            </Array>
            <Array n="10" type="real">
            0.70293988687843645 0.74213972605705458 0.9001431767756366 0.24741613030121304 -1.0373611301805916 1.295916089879898 -0.00084631951509181588 0.94872948293113035
            0.4723008805638384 -0.042980087416616193
            </Array>
            <Array n="10" type="real">
            1.0846396014098227 0.31972494669482698 -0.055482487964201806 0.00096820130195636239 1.0288487363118362 1.1904307863773056 0.0021145658470234558 -1.4591443107405957
            1.2189320964373507 0.54008817993829683
            </Array>
        </SnnNeuralWeights>
    </SnnNeuralLayer>
    <SnnCaseTypes>
        <Array n="150" type="int">
        0 0 1 0 0 0 2 2
        2 0 0 0 0 0 0 1
        1 2 1 0 1 2 2 2
        2 1 0 1 2 2 0 2
        0 0 0 1 0 0 2 0
        0 1 0 0 1 0 0 0
        1 1 1 1 2 0 0 2
        0 0 2 2 0 0 0 1
        1 1 2 2 1 0 2 0
        0 0 0 2 0 0 0 0
        2 0 1 0 2 0 0 0
        2 1 0 1 0 0 1 0
        1 0 1 0 0 2 2 0
        0 2 2 1 1 2 0 2
        0 0 0 2 2 1 0 1
        0 0 1 0 2 2 0 2
        2 0 0 1 1 0 2 0
        2 1 1 0 0 0 1 0
        1 1 0 0 0 1
        </Array>
    </SnnCaseTypes>
</SnnNeuralNetwork>
</PMML>
